{
  "model": {
    "mae": 0.18133512139320374,
    "rmse": 0.3273019117507848,
    "r2": 0.927558958530426,
    "spearman": 0.97063735097263
  }
}