{
  "model": {
    "mae": 0.2552938759326935,
    "rmse": 0.4032707645748397,
    "r2": 0.9669278860092163,
    "spearman": 0.9407006913476872
  }
}