{
  "model": {
    "mae": 0.5879867672920227,
    "rmse": 0.7769388649208662,
    "r2": 0.8772441148757935,
    "spearman": 0.776364466267255
  }
}