{
  "model": {
    "mae": 1.207278889347594,
    "rmse": 1.4074666748758893,
    "r2": 0.5971485666933266,
    "spearman": 0.6975252137863468
  }
}