{
  "model": {
    "mae": 0.33076775992249663,
    "rmse": 0.5302714937290375,
    "r2": 0.8098552850715623,
    "spearman": 0.9116688941459613
  }
}