{
  "model": {
    "mae": 0.2248753535493141,
    "rmse": 0.4390565297762722,
    "r2": 0.8696447348850529,
    "spearman": 0.948857557217095
  }
}