{
  "model": {
    "mae": 0.7478448152542114,
    "rmse": 0.9184575828700663,
    "r2": 0.8284515142440796,
    "spearman": 0.7472911456716305,
    "uq_rank_corr": 0.3092331174953703,
    "uq_nll": 294.0185852050781,
    "uq_sharpness": 0.0548236183822155,
    "uq_dispersion_cv": 1.2780672311782837
  }
}