{
  "model": {
    "mae": 0.2711188004741568,
    "rmse": 0.4597630723108441,
    "r2": 0.8567258148650201,
    "spearman": 0.9291433373341078
  }
}