{
  "model": {
    "mae": 0.18109928175058526,
    "rmse": 0.31771766232191845,
    "r2": 0.9315800910658936,
    "spearman": 0.9651156013362334
  }
}