{
  "model": {
    "mae": 0.07483812421560287,
    "rmse": 0.15623680297432996,
    "r2": 0.9834935069084167,
    "spearman": 0.9938214468739767,
    "uq_rank_corr": 0.26892084126951626,
    "uq_nll": 0.7727640271186829,
    "uq_sharpness": 0.05804977938532829,
    "uq_dispersion_cv": 1.1743714809417725
  }
}