{
  "model": {
    "mae": 0.07899662852287292,
    "rmse": 0.15481929823687615,
    "r2": 0.983791708946228,
    "spearman": 0.9931060199581947
  }
}