{
  "model": {
    "mae": 0.1196499690413475,
    "rmse": 0.18686722235298733,
    "r2": 0.9763317704200745,
    "spearman": 0.9898929386817273
  }
}