{
  "model": {
    "mae": 1.266461110967085,
    "rmse": 1.3959207569935523,
    "r2": 0.6037309057919936,
    "spearman": 0.741818604277112
  }
}