{
  "model": {
    "mae": 0.38719214084048703,
    "rmse": 0.627763068443006,
    "r2": 0.7416123006075096,
    "spearman": 0.8759028866782483
  }
}