{
  "model": {
    "mae": 0.1482493281364441,
    "rmse": 0.29509582189729194,
    "r2": 0.9429038763046265,
    "spearman": 0.9810990062993886
  }
}