{
  "model": {
    "mae": 0.238552673827574,
    "rmse": 0.40872631734984394,
    "r2": 0.8904668656713247,
    "spearman": 0.949265005282749
  }
}