{
  "model": {
    "mae": 0.11878611622476395,
    "rmse": 0.15942115760717093,
    "r2": 0.989239925358469,
    "spearman": 0.993769891492106
  }
}