{
  "model": {
    "mae": 0.10770852863788605,
    "rmse": 0.21346951444251921,
    "r2": 0.9701219797134399,
    "spearman": 0.9907812312521128
  }
}