{
  "model": {
    "mae": 0.10444195568561554,
    "rmse": 0.2294502301109816,
    "r2": 0.9654810428619385,
    "spearman": 0.9895897993903595,
    "uq_rank_corr": 0.36989265858946474,
    "uq_nll": 2.198301076889038,
    "uq_sharpness": 0.07452933490276337,
    "uq_dispersion_cv": 0.962518036365509
  }
}