{
  "model": {
    "mae": 0.06980341672897339,
    "rmse": 0.115262367598612,
    "r2": 0.9909951686859131,
    "spearman": 0.9962053621122549,
    "uq_rank_corr": 0.2572552563298996,
    "uq_nll": 0.13850298523902893,
    "uq_sharpness": 0.06383263319730759,
    "uq_dispersion_cv": 0.8208187222480774
  }
}