{
  "model": {
    "mae": 0.08965378254652023,
    "rmse": 0.13866059835010833,
    "r2": 0.9869681596755981,
    "spearman": 0.9943378568672466
  }
}